{"branches": 92.29166666666667, "coverage": 91.0230003432887}