{"branches": 92.35537190082644, "coverage": 90.84841032847356}