{"branches": 92.22689075630252, "coverage": 90.77386222773154}