{"branches": 92.29166666666667, "coverage": 90.98742029984491}