{"branches": 92.22689075630252, "coverage": 90.63623292595256}