{"branches": 92.35537190082644, "coverage": 90.88383399895815}