{"branches": 92.32365145228216, "coverage": 90.94359151285147}