{"branches": 92.22689075630252, "coverage": 90.69144184384493}