{"branches": 92.29166666666667, "coverage": 90.96718480138169}