{"branches": 92.32365145228216, "coverage": 90.98528908655491}