{"branches": 92.29166666666667, "coverage": 91.03069799348312}