{"branches": 92.22689075630252, "coverage": 90.64463997126953}